{"cameraMode":{"drawMode":0,"name":"Shaded","section":"Shading Mode"},"sceneLighting":false,"audioPlay":false,"sceneViewState":{"m_AlwaysRefresh":false,"showFog":true,"showSkybox":false,"showFlares":true,"showImageEffects":true,"showParticleSystems":true,"showVisualEffectGraphs":true,"m_FxEnabled":true},"in2DMode":false,"pivot":{"x":26.770000457763673,"y":1.0699999332427979,"z":39.349998474121097},"rotation":{"x":0.16471238434314729,"y":0.7185072302818298,"z":-0.18142083287239076,"w":0.6512730121612549},"size":10.571148872375489,"orthographic":false}