{"cameraMode":{"drawMode":0,"name":"Shaded","section":"Shading Mode"},"sceneLighting":false,"audioPlay":false,"sceneViewState":{"m_AlwaysRefresh":false,"showFog":true,"showSkybox":false,"showFlares":true,"showImageEffects":true,"showParticleSystems":true,"showVisualEffectGraphs":true,"m_FxEnabled":true},"in2DMode":false,"pivot":{"x":730.3509521484375,"y":1.3464186191558838,"z":342.8560485839844},"rotation":{"x":0.0044465502724051479,"y":-0.9911818504333496,"z":0.03572678938508034,"w":0.12923885881900788},"size":2.7460262775421144,"orthographic":false}