{"cameraMode":{"drawMode":0,"name":"Shaded","section":"Shading Mode"},"sceneLighting":false,"audioPlay":false,"sceneViewState":{"m_AlwaysRefresh":false,"showFog":true,"showSkybox":false,"showFlares":true,"showImageEffects":true,"showParticleSystems":true,"showVisualEffectGraphs":true,"m_FxEnabled":true},"in2DMode":false,"pivot":{"x":-0.015453540720045567,"y":0.18137629330158235,"z":0.3119302988052368},"rotation":{"x":0.1806117445230484,"y":-0.6101797223091126,"z":0.14542818069458009,"w":0.7576404809951782},"size":0.7842698097229004,"orthographic":false}